{"options":{"check_for_updates":false,"comment":null,"compatopts_for_requires":true,"compat_wrappedjsobject":false,"compat_metadata":false,"compat_foreach":false,"compat_powerful_this":null,"sandbox":null,"noframes":null,"unwrap":null,"run_at":null,"tab_types":null,"override":{"use_includes":[],"orig_includes":[],"merge_includes":true,"use_matches":[],"orig_matches":["https://1337x.to/torrent/*","https://x1337x.ws/torrent/*"],"merge_matches":true,"use_excludes":[],"orig_excludes":[],"merge_excludes":true,"use_connects":[],"orig_connects":[],"merge_connects":true,"use_blockers":[],"orig_run_at":"document-idle","orig_noframes":null}},"settings":{"enabled":true,"position":8},"meta":{"name":"Image Series Loader","uuid":"6c4ba576-9463-46b8-bd1a-e65186504cc2","modified":1689435237092,"file_url":"https://raw.githubusercontent.com/jkbhu85/scripts/main/torrent/image-series-loader.js"}}