{"options":{"check_for_updates":false,"comment":null,"compatopts_for_requires":true,"compat_wrappedjsobject":false,"compat_metadata":false,"compat_foreach":false,"compat_powerful_this":null,"sandbox":null,"noframes":null,"unwrap":null,"run_at":null,"tab_types":null,"override":{"use_includes":[],"orig_includes":["/^https?:\\/\\/(www.)?x?1337x.*/torrent/.*$/","/^https:\\/\\/(www.)?.*rarbg.*/torrent/.*$/"],"merge_includes":true,"use_matches":[],"orig_matches":[],"merge_matches":true,"use_excludes":[],"orig_excludes":[],"merge_excludes":true,"use_connects":[],"orig_connects":[],"merge_connects":true,"use_blockers":[],"orig_run_at":"document-idle","orig_noframes":null}},"settings":{"enabled":true,"position":3},"meta":{"name":"Full Image Loader","uuid":"fcce6abc-af8a-4208-ba6b-cf226f5539e6","modified":1670407113032,"file_url":"https://github.com/jkbhu85/scripts/raw/master/torrent/full-image-loader.js"}}