{"options":{"check_for_updates":true,"comment":null,"compatopts_for_requires":true,"compat_wrappedjsobject":false,"compat_metadata":false,"compat_foreach":false,"compat_powerful_this":null,"sandbox":null,"noframes":null,"unwrap":null,"run_at":null,"tab_types":null,"override":{"use_includes":[],"orig_includes":[],"merge_includes":true,"use_matches":[],"orig_matches":["https://proxyrarbg.org/torrent/*","https://www.rarbgprx.org/torrent/*"],"merge_matches":true,"use_excludes":[],"orig_excludes":[],"merge_excludes":true,"use_connects":[],"orig_connects":[],"merge_connects":true,"use_blockers":[],"orig_run_at":"document-idle","orig_noframes":null}},"settings":{"enabled":true,"position":7},"meta":{"name":"RARBG Torrent Description Page","uuid":"36cdd345-5aee-42bf-a863-6fffd66ca720","modified":1664797663683,"file_url":"https://github.com/jkbhu85/scripts/raw/master/torrent/rarbg-torrent-description-page.js"}}