{"options":{"check_for_updates":true,"comment":null,"compatopts_for_requires":true,"compat_wrappedjsobject":false,"compat_metadata":false,"compat_foreach":false,"compat_powerful_this":null,"sandbox":null,"noframes":null,"unwrap":null,"run_at":null,"tab_types":null,"override":{"use_includes":[],"orig_includes":["/^https?:\\/\\/(www.)?x?1337x.*$/"],"merge_includes":true,"use_matches":[],"orig_matches":["https://www.torrentfunk.com/*"],"merge_matches":true,"use_excludes":[],"orig_excludes":[],"merge_excludes":true,"use_connects":[],"orig_connects":[],"merge_connects":true,"use_blockers":[],"orig_run_at":"document-idle","orig_noframes":null}},"settings":{"enabled":true,"position":9},"meta":{"name":"Torrent Filter","uuid":"4bc73db4-5cab-47ed-ae2c-6fa7cf7b1e00","modified":1664797697281,"file_url":"https://github.com/jkbhu85/scripts/raw/master/torrent/torrent-filter.js"}}