{"options":{"check_for_updates":true,"user_modified":null,"comment":null,"compatopts_for_requires":true,"compat_wrappedjsobject":false,"compat_metadata":false,"compat_foreach":false,"compat_powerful_this":null,"sandbox":"JavaScript","noframes":null,"unwrap":null,"run_at":null,"tab_types":null,"override":{"use_includes":[],"orig_includes":[],"merge_includes":true,"use_matches":[],"orig_matches":["*://*.1337x.to/*","*://*.1337x.so/*","*://*.1337x.st/*","*://*.1337x.ws/*","*://*.x1337x.ws/*","*://*.1337x.eu/*","*://*.1337x.se/*","*://*.1337x.is/*","*://*.1337x.gd/*","*://l337xdarkkaqfwzntnfk5bmoaroivtl6xsbatabvlb52umg6v3ch44yd.onion/*"],"merge_matches":true,"use_excludes":[],"orig_excludes":[],"merge_excludes":true,"use_connects":[],"orig_connects":[],"merge_connects":true,"use_blockers":[],"orig_run_at":"document-idle","orig_noframes":null}},"settings":{"enabled":true,"position":12},"meta":{"name":"1337x Full Page Content","uuid":"99386a70-0ca9-4898-9d8c-d19cdc0bc0ea","modified":1717693097512,"file_url":"https://github.com/sukshma-srujan/scripts/raw/main/torrent/1337-full-page-content.js"}}