{"options":{"check_for_updates":true,"user_modified":null,"comment":null,"compatopts_for_requires":true,"compat_wrappedjsobject":false,"compat_metadata":false,"compat_foreach":false,"compat_powerful_this":null,"sandbox":"JavaScript","noframes":null,"unwrap":null,"run_at":null,"tab_types":null,"override":{"use_includes":[],"orig_includes":[],"merge_includes":true,"use_matches":[],"orig_matches":["*://*.1337x.to/*","*://*.1337x.so/*","*://*.1337x.st/*","*://*.1337x.ws/*","*://*.x1337x.ws/*","*://*.1337x.eu/*","*://*.1337x.se/*","*://*.1337x.is/*","*://*.1337x.gd/*","*://l337xdarkkaqfwzntnfk5bmoaroivtl6xsbatabvlb52umg6v3ch44yd.onion/*"],"merge_matches":true,"use_excludes":[],"orig_excludes":[],"merge_excludes":true,"use_connects":[],"orig_connects":[],"merge_connects":true,"use_blockers":[],"orig_run_at":"document-idle","orig_noframes":null}},"settings":{"enabled":true,"position":9},"meta":{"name":"Image Series Loader","uuid":"489dd681-81dc-4c40-a1f4-240f10772143","modified":1717693058799,"file_url":"https://github.com/sukshma-srujan/scripts/raw/main/torrent/image-series-loader.js"}}