{"options":{"check_for_updates":true,"user_modified":null,"comment":null,"compatopts_for_requires":true,"compat_wrappedjsobject":false,"compat_metadata":false,"compat_foreach":false,"compat_powerful_this":null,"sandbox":null,"noframes":null,"unwrap":null,"run_at":null,"tab_types":null,"override":{"use_includes":[],"orig_includes":[],"merge_includes":true,"use_matches":[],"orig_matches":["https://www.youtube.com/","https://www.youtube.com/?app=desktop","https://www.youtube.com/@*","https://www.youtube.com/watch*","https://www.youtube.com/shorts/*","https://www.youtube.com/results*"],"merge_matches":true,"use_excludes":[],"orig_excludes":[],"merge_excludes":true,"use_connects":[],"orig_connects":[],"merge_connects":true,"use_blockers":[],"orig_run_at":"document-idle","orig_noframes":null}},"settings":{"enabled":true,"position":1},"meta":{"name":"JK YT App","uuid":"8536e1c6-7b0d-4dbb-83f3-ccac2fcbce9c","modified":1717344097767,"file_url":"https://raw.githubusercontent.com/sukshma-srujan/scripts/main/yt-app.js"}}