{"options":{"check_for_updates":true,"user_modified":null,"comment":null,"compatopts_for_requires":true,"compat_wrappedjsobject":false,"compat_metadata":false,"compat_foreach":false,"compat_powerful_this":null,"sandbox":null,"noframes":null,"unwrap":null,"run_at":null,"tab_types":null,"override":{"use_includes":[],"orig_includes":[],"merge_includes":true,"use_matches":[],"orig_matches":["*://*.1337x.to/torrent/*","*://*.1337x.so/torrent/*","*://*.1337x.st/torrent/*","*://*.1337x.ws/torrent/*","*://*.x1337x.ws/torrent/*","*://*.1337x.eu/torrent/*","*://*.1337x.se/torrent/*","*://*.1337x.is/torrent/*","*://*.1337x.gd/torrent/*","*://l337xdarkkaqfwzntnfk5bmoaroivtl6xsbatabvlb52umg6v3ch44yd.onion/torrent/*"],"merge_matches":true,"use_excludes":[],"orig_excludes":[],"merge_excludes":true,"use_connects":[],"orig_connects":[],"merge_connects":true,"use_blockers":[],"orig_run_at":"document-idle","orig_noframes":null}},"settings":{"enabled":true,"position":8},"meta":{"name":"Link to Image","uuid":"d64bd361-efa5-4844-8b38-43a431dce912","modified":1717693049789,"file_url":"https://github.com/sukshma-srujan/scripts/raw/main/torrent/link-to-image.js"}}