{"options":{"check_for_updates":true,"user_modified":null,"comment":null,"compatopts_for_requires":true,"compat_wrappedjsobject":false,"compat_metadata":false,"compat_foreach":false,"compat_powerful_this":null,"sandbox":null,"noframes":null,"unwrap":null,"run_at":null,"tab_types":null,"override":{"use_includes":[],"orig_includes":[],"merge_includes":true,"use_matches":[],"orig_matches":["*://thepiratebay.org/description.php?id=*","*://pirateproxy.surf/description.php?id=*"],"merge_matches":true,"use_excludes":[],"orig_excludes":[],"merge_excludes":true,"use_connects":[],"orig_connects":[],"merge_connects":true,"use_blockers":[],"orig_run_at":"document-idle","orig_noframes":null}},"settings":{"enabled":true,"position":6},"meta":{"name":"Piratebay Torrent Page Utilities","uuid":"3012c206-8445-49dd-9fc7-7dc663998259","modified":1717693022037,"file_url":"https://github.com/sukshma-srujan/scripts/raw/main/torrent/piratebay-torrent-page-utility.js"}}